{
    "loss": 31.449018478393555,
    "accuracy": 0.1376146823167801
}