{
    "loss": 20.17548370361328,
    "accuracy": 0.2770642340183258
}